feature,mean_importance
tvl,-0.0033304369580597513
base,0.46689327040135736
