feature,shap_importance
base,0.4025131618485621
tvl,0.024444059179840643
