feature,weight
intercept,-0.393796958821603
base,19.089877941360022
tvl,0.06098157250205925
