feature,mean_importance
tvl,0.0802665673631139
base,0.11244606462399628
