feature,mean_importance
tvl,0.09559922340772928
base,0.0975541176586068
