feature,shap_importance
tvl,0.24885002306054663
base,0.09922087737611213
