feature,shap_importance
tvl,0.2271752415613814
base,0.10710692638674181
