feature,mean_importance
tvl,0.06263074488826996
base,0.38883957493762633
