feature,mean_importance
tvl,3.3800594421582114e-06
base,0.0006403839103355779
