feature,shap_importance
base,0.0139540671302786
tvl,0.001379628474964552
