feature,mean_importance
tvl,0.029793748070922083
base,0.6806491943811442
