feature,mean_importance
tvl,0.02938612632708777
base,0.6808074148948496
